,0,1,2,3,4,5,6,7,8,9,10,11,12
0,-1.7245364519272923,1.5287375534551981,1.6492291832841792,-1.6261222465054046,7.646606970247956e-17,1.619167540318231,-0.8084006680146711,-0.25474863396120123,-0.19044324957794237,0.3264716695071924,-1.6691465228446745,0.07581163028424572,0.08453724357992135
1,-1.7094749981986697,-0.3087598014367641,0.45937433872299055,0.9641421735095205,7.646606970247956e-17,0.48966473307206293,0.1748099650381112,1.3077096543341664,-0.023723034549501424,0.6475070420873975,1.6608323268360012,1.1918882282536136,-1.6127966571361936
2,-1.694413544470047,-0.6401117834664622,0.09789944923604717,-0.7627007731670963,7.646606970247956e-17,0.06405497961698504,1.000004603493125,1.568119369050061,1.0069110219899517,-0.31559907565321765,0.04529803342656451,0.5125372555766071,1.1756804654688524
3,-1.6793520907414243,-1.3329386549831037,0.06777654177880188,1.2085067414354569,7.646606970247956e-17,0.014946161910629906,-0.8259580007477566,1.5247177499307452,-1.0695134742733583,0.2757818738366338,1.1827660563372904,-0.03741353182858871,-0.4458796003938646
4,-1.6642906370128019,-0.5497430610947264,-0.0376536343215566,-0.8115736867522836,7.646606970247956e-17,-0.05053226169784361,1.6320685818841993,-1.4699939693020427,0.32487377869178424,-1.0759460107115981,-1.1416251209150625,-1.3637654308646492,1.4636210379117647
5,-1.6492291832841792,0.8509721356671792,-0.3690056163512547,0.05184778658602482,2.9593082248729403,-0.3615547738380928,1.2458072617563205,0.5264805101864826,0.7492525078550885,1.0192322103381612,-0.9767746828120587,0.22138683871503284,0.8271208251432216
6,-1.6341677295555566,1.5136760997265755,-0.3991285238085,-0.4857542628510351,2.9593082248729403,-0.3942939856423296,1.579396583684943,-0.7755680633929904,0.09752803092572837,-0.12973649152783578,0.9519754429930851,1.3374634366844007,1.2211447663808912
7,-1.619106275826934,-0.20332962533640564,-0.45937433872299055,-0.5509181476312848,2.9593082248729403,-0.4597724092508031,0.40305529056822137,-0.8189696825123062,0.21877909640095816,-0.045253498743571305,-0.1360374484867396,0.46401218609967804,1.0695970966740953
8,-1.6040448220983112,-0.15814526415053773,-0.5196201536374812,0.7686505191687714,2.9593082248729403,-0.5088812269571582,1.491609920019516,-0.16794539572256972,-1.0088879415357435,0.5968172464168388,1.4465267573020963,1.0948380892997556,-1.0823798131624076
9,-1.5889833683696886,0.8057877744813112,-0.5798659685519717,0.55686789363296,2.9593082248729403,-0.6725772859783421,0.7717592779630148,-0.3415518721998328,-1.2817028388550105,-0.18042628719839449,0.06178307723686489,-1.1373151066389804,-1.0217607452796893
10,-1.573921914641066,1.4534302848120848,-0.9262794043102924,-1.3003028226041562,2.9593082248729403,-0.885382162705881,-0.8610726662139274,1.6549226072886924,-0.8573241096917062,-1.5321541717466263,-0.8778644199502564,-1.1049650603210277,1.4787758048824444
11,-1.5588604609124432,1.1823241176968773,-1.0919553953251415,-1.1536840818485945,2.9593082248729403,-1.0981870394334199,1.4213805890871745,0.3962756528285352,-0.2510687823155573,-0.26490927998265895,0.7706399610797809,-1.024089944526146,0.584644553612348
12,-1.5437990071838206,1.6492291832841792,-1.2124470251541226,0.752359547973709,2.9593082248729403,-1.278252704356722,1.614511249151114,-1.2529858737054638,-1.478735820252259,0.8333696262127793,1.6443472830257009,1.580088784069046,1.6909425424719586
13,-1.5287375534551981,-1.573921914641066,-1.2877542937972357,-0.8930285427275957,2.9593082248729403,-1.310991916160959,0.8771032743615271,0.8736934631410087,0.3097173955073805,1.1037152031224258,1.5124669325432978,-0.005063485510636016,-0.3397962315991074
14,-1.5136760997265755,-1.619106275826934,1.5437990071838206,-1.0070653410930326,2.9593082248729403,1.5864283285139944,-0.9488593298793544,0.17926755723195642,-0.6602911282944578,-0.0790466958572771,0.47390917249437425,1.5153886914331407,0.5694897866416685
15,-1.4986146459979528,0.47443579245161316,1.363061562440349,-0.07847998297447456,2.9593082248729403,1.3408842399822187,0.1396952995719404,0.4830788910671668,0.7644088910394922,-1.430774580405509,-0.33385797421034413,-1.5578657087723653,-0.9156773764849321
16,-1.4835531922693301,-0.27863689397951885,1.1823241176968773,-0.8604466003374709,2.9593082248729403,1.22629699866739,1.3862659236210038,-0.6887648251543589,1.537384433444082,-1.1773256020527154,1.0014305744239862,1.1757132050946373,1.5090853388238035
17,-1.4684917385407075,0.27863689397951885,1.1371397565110093,0.4102491528773981,2.9593082248729403,0.9152744865271408,0.2801539614366236,0.7000869866637456,0.9462854892523369,-0.21421948431210028,-0.7459840694678535,-0.8299896666184298,-1.0369155122503688
18,-1.4534302848120848,-0.2936983477081415,0.8961564968530471,-0.7464098019720339,2.9593082248729403,0.882535274722904,-0.843515333480842,-0.298150253080517,-0.5693528291880354,1.053025407451867,-1.2899905152077658,0.39931209346377267,-0.26402239674570943
19,-1.4383688310834621,1.317877201254481,0.8810950431244244,-1.218847966628844,2.9593082248729403,0.7024696097996018,1.4740525872864307,-0.298150253080517,-0.3874762309751908,0.900956020440191,-0.02064214181463699,-1.6549158477262234,-0.3701057655404666
20,-1.4233073773548395,-1.0768939415965189,0.8359106819385566,-0.8767375715325333,2.9593082248729403,0.8661656688207857,-0.141222024157426,0.439677271947851,-1.3877975211458364,-0.1466330900846887,0.506879260114975,1.434513575638259,0.8422755921139012
21,-1.4082459236262168,0.7455419595668207,0.8208492282099339,-1.1048111682634072,2.9593082248729403,0.6533607920932467,1.5618392509518577,0.26607079547058793,-1.0392007079045509,0.24198867672292795,0.5398493477355758,1.7418390156588095,0.17546584540399893
22,-1.3931844698975944,0.7606034132954433,0.6852961446523301,0.002974873000837548,2.9593082248729403,0.6697303979953652,1.1404632653578082,1.1775047969762191,1.0220674051743555,-0.24801268142580607,0.7376698734591802,0.5934123713714888,-1.5067132883414365
23,-1.3781230161689717,1.5588604609124432,0.6401117834664622,-1.2351389378239066,2.9593082248729403,0.39144709765935265,1.790084576481968,-0.5585599677964116,-1.4484230538834515,-0.1973228857552474,-0.6635588504163517,0.8198626955971577,0.47856118481759086
24,-1.363061562440349,-1.5588604609124432,0.6250503297378396,-0.1762258101448491,2.9593082248729403,0.6369911861911284,1.7198552455496263,0.7868902249023771,1.0675365547275666,-0.3493922727669235,-0.5976186751751501,-0.26386385605425755,1.5242401057944832
25,-1.3480001087117264,-0.5045586999088585,0.3991285238085,0.3939581816823357,2.9593082248729403,0.35870788585511587,0.5961859506321607,-1.1661826354668323,0.7037833583018773,0.30957507095033954,1.7267725020772027,1.6609638998639278,-1.4309394534880384
26,-1.3329386549831037,0.1430838104219151,0.38406707007987734,0.45912206646258535,2.9593082248729403,0.3423382799529975,-0.43969668061987777,0.7434886057830614,-1.2665464556706068,-1.6166371645308908,1.1992511001475907,-1.072615014003075,0.03907294266788255
27,-1.317877201254481,-0.9262794043102924,0.3690056163512547,1.3551254821910186,2.9593082248729403,0.32596867405087915,-1.6335953064696849,0.7434886057830614,-0.8876368760605137,0.22509207816607504,1.1992511001475907,-1.072615014003075,-0.354950998569787
28,-1.3028157475258584,1.363061562440349,0.35394416262263206,0.37766721048727325,0.11823457996971024,0.30959906814876076,0.8419886088953563,-1.426592350182727,1.3403514520468336,0.9178526189970438,-0.8284092885193554,-0.18298874025937584,1.2969186012342893
29,-1.2877542937972357,-0.21839107906502828,0.3388827088940094,-1.2025569954337818,0.11823457996971024,0.29322946224664237,1.43893792182026,-1.3397891119440954,0.7947216574082997,-1.4645677775192147,0.6717296982179788,0.5772373482125125,1.5545496397358423
30,-1.272692840068613,-1.1070168490537642,0.3238212551653868,1.061888000679895,0.11823457996971024,0.2604902504424056,-0.8786299989470128,-0.9925761589895693,-0.5087272964504206,0.25888527527978084,0.7541549172694806,-0.4579641339619737,-0.7489749398074566
31,-1.2576313863399904,-1.4534302848120848,0.2936983477081415,0.36137623929221085,0.11823457996971024,0.24412064454028723,0.4381699560343922,0.8302918440216929,0.29456101232297677,-0.09594329441413,0.4574241286840739,0.01111153764834033,-1.2793917837812425
32,-1.242569932611368,-1.1823241176968773,0.27863689397951885,0.7849414903638339,0.11823457996971024,0.21138143273605048,0.7190872797637585,1.6983242264080083,-1.5090485866210663,-1.5490507703034793,1.2322211877681915,-1.2343652455928384,0.23608491328671732
33,-1.2275084788827453,0.7154190521095755,0.2635754402508962,-0.11106192536459941,0.11823457996971024,-0.09964107940419875,-1.2297766536087207,-0.7321664442736747,-1.357484754777029,1.1375084002361315,0.4409390848737735,-1.687265894044176,0.05422770963856215
34,-1.2124470251541226,-0.941340858038915,0.24851398652227358,0.7197776055835842,0.11823457996971024,0.1950118268339321,-0.4748113460860486,0.613283748425114,0.26424824595416935,0.4447478594051627,1.0508857058548873,0.9007378113920395,-1.415784686517359
35,-1.1973855714255,1.2877542937972357,0.23345253279365094,-0.9093195139226581,0.11823457996971024,0.1786422209318137,0.736644612496844,1.003898320498956,0.6583142087486661,-1.2111187991664212,-0.284402842779443,-0.39326404132606835,1.4484662709410852
36,-1.1823241176968773,1.152201210239632,0.21839107906502828,-1.284011851409094,0.11823457996971024,-0.11601068530631713,1.0702339344254665,-0.4283551104384643,1.3251950688624299,-1.1604290034958626,0.028812989616264134,0.8036876724381814,1.0847518636447748
37,-1.1672626639682546,0.7304805058381981,-0.09789944923604717,1.0781789718749575,0.11823457996971024,-0.1323802912084355,-0.404582015153707,1.2643080352148506,0.11268441411013208,1.0361288088950142,0.374998909632572,-0.05358855498756506,-1.218772715898524
38,-1.152201210239632,0.7907263207526887,-0.1430838104219151,1.1596338278502696,0.11823457996971024,-0.16511950301267228,-0.7206140043492442,-1.035977778108885,-0.9634187919825323,0.41095466229145694,-0.037127185624937366,-1.4769905929774836,-0.7792844737488157
39,-1.1371397565110093,-0.8961564968530471,-0.17320671787916037,1.2410886838255817,0.11823457996971024,-0.18148910891479064,-1.3000059845410623,-1.035977778108885,0.991754638805548,-1.4983609746329205,-1.1086550332944618,-0.24768883289528124,0.7968112912018624
40,-1.1220783027823866,1.272692840068613,-0.6401117834664622,-0.20880775253497394,0.11823457996971024,-0.5579900446635134,-0.7381713370823296,-0.9491745398702535,-0.4784145300816131,-0.9745664193704807,-0.7130139818472527,-1.169665152956933,-1.4915585213707567
41,-1.1070168490537642,-0.2635754402508962,-0.6551732371950849,0.01926584419589997,0.11823457996971024,-0.5907292564677501,1.7549699110157972,-0.12454377660325396,1.113005704280778,1.1544049987929845,-0.680043894226652,0.8360377187561341,0.4634064178469113
42,-1.0919553953251415,1.0166481266820282,-0.6702346909237075,-0.5835000900214097,0.11823457996971024,-0.6070988623698685,0.297711294169709,0.3528740337092195,-0.3116943150531722,-0.9914630179273336,-1.257020427587165,-1.5093406392954363,1.4181567369997259
43,-1.0768939415965189,-0.3388827088940094,-0.6852961446523301,0.8338144039490211,0.11823457996971024,-0.6234684682719869,-0.07099269322508439,-0.5151583486770959,-0.6299783619256504,0.7826798305422207,-1.2405353837768647,-1.590215755090318,1.5848591736772015
44,-1.0618324878678962,-1.4986146459979528,-0.7003575983809528,0.13330264256133692,0.11823457996971024,-1.3437311279651956,-0.1587793568905114,-1.5133955884213584,-1.4332666706990478,-0.6535310467902756,-1.0262298142429598,1.6124388303869988,-0.9459869104262913
45,-1.0467710341392735,1.0618324878678962,-1.3329386549831037,-1.4306305921646556,0.11823457996971024,-1.3764703397694324,1.5091672527526014,1.6115209881693766,0.006589731819306023,0.17440228249551637,-0.18549257991764073,0.4801872092586544,0.8119660581725421
46,-1.0317095804106509,1.0919553953251415,-1.363061562440349,-0.1925167813399115,0.11823457996971024,-1.3928399456715508,0.26259662870353817,-0.08114215748393819,0.06721526455692092,0.4278512608483098,1.3476164944402942,-1.4284655235005546,0.7210374563484645
47,-1.0166481266820282,-0.564804514823349,-1.3781230161689717,-0.6812459171917842,0.11823457996971024,-1.4583183692800243,-1.106875324477123,-0.08114215748393819,0.5976886760110512,0.731990034871662,-0.9108345075708573,0.5448873018945598,-0.08216519309755424
48,-1.0015866729534055,0.5045586999088585,-1.3931844698975944,-0.2413896949250988,0.11823457996971024,-1.4092095515736691,1.4564952545533454,-0.08114215748393819,0.15815356366334327,1.1881981959066903,1.3641015382505945,-1.3475904077056728,0.3724778160228337
49,-0.986525219224783,-0.35394416262263206,-1.4082459236262168,-1.3491757361893435,0.11823457996971024,-1.5074271869863793,-0.3694673496875362,1.4813161308114293,-0.5541964460036317,-1.413877981848656,1.0179156182342866,1.305113390366448,1.2817638342636095
50,-0.9714637654961603,-0.1430838104219151,-1.4233073773548395,-0.9256104851177206,0.11823457996971024,-1.4255791574757875,-1.3351206500072332,1.0472999396182718,-0.9937315583513397,-1.3631881861780972,-0.8448943323296557,-1.2505402687518148,-1.446094220458718
51,-0.9564023117675376,-0.24851398652227358,-1.4383688310834621,1.3225435398008938,0.11823457996971024,-1.441948763377906,1.087791267158552,-0.9491745398702535,0.05205888137251719,-1.3124983905075387,-1.1581101647253629,-0.4094390644850447,0.6452636214950664
52,-0.941340858038915,0.6250503297378396,-1.4534302848120848,0.2636304121218363,-0.39832426455814973,-1.491057581084261,0.5083992869667338,0.7868902249023771,1.2039440033872002,-0.7718072366882459,0.34202882201197127,-0.8461646897774061,-0.38526053251114617
53,-0.9262794043102924,0.5949274222805943,-1.4684917385407075,0.6220317784132096,-0.39832426455814973,-1.523796792888498,-1.4931366446050018,-0.21134701484188548,-0.4026326141595945,1.4078539771457779,-1.2735054713974654,-1.0402649676851223,0.736192223319144
54,-0.9112179505816698,-0.12802235669329246,-1.4986146459979528,-0.9744833987029078,-0.39832426455814973,-1.5565360046927346,-1.4229073136726602,0.049062699874009116,1.4161333679688524,1.3402675829183663,-1.207565296156264,1.0786630661407792,-0.7641297067781362
55,-0.8961564968530471,-0.6551732371950849,-1.5287375534551981,0.9315602311193957,-0.39832426455814973,-1.5892752164969712,-0.5274833442853047,-0.12454377660325396,-0.539040062819228,-1.6504303616445966,-1.2240503399665643,-0.5226642265978791,0.7513469902898237
56,-0.8810950431244244,0.38406707007987734,-1.5437990071838206,-0.7138278595819091,-0.39832426455814973,-1.6056448223990898,-1.2122193208756353,0.13586593811264064,0.03690249818811347,0.8164730276559264,-1.1745952085356632,0.2860869313509382,0.19062061237467853
57,-0.8660335893958019,-1.2877542937972357,-1.5588604609124432,0.4754130376576478,-0.39832426455814973,-1.6383840342033265,1.6847405800834556,0.7434886057830614,-0.87248049287611,0.9685424146676026,-1.3559306904489674,-1.3314153845466965,1.039287562732736
58,-0.8509721356671792,0.05271508805017924,-1.573921914641066,1.6483629637021422,-0.39832426455814973,-1.6220144283012081,-0.5099260115522194,-1.1227810163475165,0.6734705919330699,0.394058063734604,-1.3889007780695681,0.15668674607912747,-0.5822725031299809
59,-0.8359106819385566,-1.0015866729534055,-1.5889833683696886,-0.6649549459967218,-0.39832426455814973,-1.6547536401054448,0.5259566196998192,-1.383190731063411,-0.05403580091830887,0.715093436314809,0.8200950925106821,-1.49316561613646,0.3270135151107949
60,-0.8208492282099339,-0.022592180592933962,-1.6040448220983112,-1.3328847649942812,-0.39832426455814973,-1.7202320637139183,-1.1771046554094646,1.3945128925727979,-0.9027932592449174,-1.26180859483698,0.6057895229767772,1.4506885987972353,0.9938232618206972
61,-0.8057877744813112,1.1070168490537642,-1.619106275826934,1.0293060582897702,-0.39832426455814973,-1.6711232460075631,-0.3343526842213654,-0.08114215748393819,1.0826929379119703,0.36026486662089824,-0.3833131056412452,-1.4608155698185072,-0.6883558719247381
62,-0.7907263207526887,1.4383688310834621,-1.6341677295555566,0.11701167136627451,-0.39832426455814973,-1.6711232460075631,-0.3343526842213654,1.6983242264080083,1.658635498919312,-0.2818058785395119,0.6222745667870776,0.7389875798022759,-1.1733084149864852
63,-0.775664867024066,-0.4443128849943679,-1.6492291832841792,-0.4368813492658479,-0.39832426455814973,-1.6874928519096817,1.0351192689592958,0.9170950822603244,1.2342567697560076,-1.6842235587583023,0.8860352677518836,0.2537368850329855,-0.809594007690175
64,-0.7606034132954433,-0.986525219224783,-1.6642906370128019,1.4528713093613932,-0.39832426455814973,-1.7038624578118,-1.2648913190748916,0.0056610807546933475,1.7192610316569268,1.4416471742594836,-1.0427148580532601,-1.5255156624544126,-1.3097013177226016
65,-0.7455419595668207,-1.3781230161689717,-1.6793520907414243,-0.09477095416953699,-0.39832426455814973,-1.7366016696160367,-0.0007633622927428,-0.03774053836462242,1.6131663493661008,-1.0421528135978924,-0.3997981494515456,-0.23151380973630487,-1.2490822498398833
66,-0.7304805058381981,-1.0166481266820282,-1.694413544470047,1.485453251751518,-0.39832426455814973,1.5209499049055208,-0.7030566716161588,0.9604967013796402,-0.6906038946632652,-1.1097392078253039,0.5893044791664769,1.6447888767049514,0.6604183884657461
67,-0.7154190521095755,1.4986146459979528,-1.7094749981986697,-0.3391355220954733,-0.39832426455814973,-1.752971275518155,-0.8961873316800981,0.9604967013796402,-1.5848305025430849,0.10681588826810477,-0.6305887627957508,-0.6358893887107135,-1.521868055312116
68,-0.7003575983809528,-0.8208492282099339,-1.7245364519272923,0.42654012407246056,-0.39832426455814973,1.6355371462203496,-0.229008687822853,1.4379145116921137,1.0372237883587592,-0.9407732222567748,0.16069334009866712,-0.6682394350286662,-0.8399035416315341
69,-0.6852961446523301,0.45937433872299055,1.7245364519272923,-1.05593825467822,-0.39832426455814973,1.7173851757309415,-1.5282513100711725,1.4379145116921137,0.021746115003709748,0.6813002392011033,0.902520311562184,-0.5711892960748082,-0.06701042612687463
70,-0.6702346909237075,-1.4684917385407075,1.7094749981986697,1.2573796550206442,-0.39832426455814973,1.701015569828823,-1.4404646464057456,1.4379145116921137,-1.5696741193586812,1.4585437728163366,-1.0921699894841614,-1.3799404540236255,1.569704406706522
71,-0.6551732371950849,0.6702346909237075,1.694413544470047,1.4365803381663307,-0.39832426455814973,1.6682763580245863,-1.3877926482064893,-0.6453632060350432,-0.5845092123724392,-1.0252562150410394,1.3146464068196932,-1.2990653382287438,0.3573230490521541
72,-0.6401117834664622,1.573921914641066,1.6793520907414243,1.2736706262157065,-0.39832426455814973,1.651906752122468,-1.4755793118719163,-0.5151583486770959,-0.266225165499961,-0.4000820684374822,1.1003408372857886,-1.218190222433862,-0.12762949400959303
73,-0.6250503297378396,0.3388827088940094,1.6642906370128019,-0.37171746448559817,-0.39832426455814973,1.6846459639267046,-1.458021979138831,-0.4283551104384643,-0.22075601594674982,1.2557845901341018,0.5563343915458762,-1.5740407319313416,-0.14278426098027264
74,-0.6099888760092169,-0.0376536343215566,1.619106275826934,0.9478512023144581,-0.39832426455814973,1.5373195108076392,-0.10610735869125519,0.9170950822603244,0.8705035733303182,0.34336826806404536,1.380586582060895,0.4963622324176307,-1.5370228222827955
75,-0.5949274222805943,-1.5437990071838206,1.4534302848120848,1.6972358772873295,-0.39832426455814973,1.439101875394929,-1.5633659755373432,0.9170950822603244,1.491915283890871,1.6781995540554242,1.3311314506299938,1.4021635293203063,-1.4612489874293977
76,-0.5798659685519717,0.986525219224783,1.4383688310834621,1.6646539348972047,-0.39832426455814973,1.4227322694928106,-0.2465660205559384,0.3094724145899037,-0.6148219787412467,0.14060908538181058,0.7211848296488799,-1.541690685613389,0.16031107843331932
77,-0.564804514823349,0.7003575983809528,1.272692840068613,-0.45317232046091027,-0.39832426455814973,1.177188180961035,0.1045806341057696,1.351111273453482,1.704104648472523,-0.1635296886415416,-0.416283193261846,0.3831370703047963,1.2514543003222505
78,-0.5497430610947264,-1.5136760997265755,1.1220783027823866,-1.446921563359718,-0.39832426455814973,1.1280793632546797,-0.2816806860221092,-0.3849534913191485,0.2490918627697656,1.576819962714307,-1.3724157342592678,0.9330878577099921,-1.5521775892534753
79,-0.5346816073661037,1.1973855714255,1.0768939415965189,-0.6975368883868466,-0.39832426455814973,1.0789705455483245,-0.5977126752176464,-0.3849534913191485,-0.038879417733905144,1.4754403713731894,1.116825881096089,0.18903679239708016,-0.4610343673645442
80,-0.5196201536374812,-0.08283799550742452,1.0467710341392735,-0.3228445509004109,-0.39832426455814973,1.095340151450443,0.9297752725607834,0.22266917635127217,-1.1756081565641845,1.1206118016792785,1.5454370201638985,-1.0887900371620514,0.3421682820814745
81,-0.5045586999088585,-0.8359106819385566,1.0317095804106509,0.6871956631934593,-0.39832426455814973,1.0462313337440878,1.2106925962901498,0.6566853675444299,1.097849321096374,0.6644036406442504,0.243118559150169,0.26991190819196187,-1.3248560846932813
82,-0.4894972461802358,0.4141899775371226,1.0015866729534055,-0.4694632916559727,-0.39832426455814973,0.8334264570165489,0.5435139524329046,0.6566853675444299,-1.5393613529898738,0.5799206478599859,1.6773173706463016,-0.7167645045055953,0.88773989302594
83,-0.47443579245161316,0.6551732371950849,0.986525219224783,0.866396346339146,-0.39832426455814973,0.9807529101356143,0.824431276162271,-0.6019615869157273,-1.4635794370678552,-1.734913354428861,0.14420829628836676,0.9654379040279448,0.7058826893777849
84,-0.45937433872299055,-0.7455419595668207,0.9262794043102924,-0.30655357970534847,-0.39832426455814973,0.751578427505957,1.3335939254217475,0.6566853675444299,0.6280014423798587,-0.5014616597785996,0.22663351533986864,-0.3447389718491393,-1.6582609580482324
85,-0.4443128849943679,0.3087598014367641,0.7907263207526887,-1.1862660242387193,-0.39832426455814973,0.7352088216038386,1.2809219272224914,0.8736934631410087,-1.251390072486203,-0.02835690018671841,0.1936634277192679,1.5477387377510934,0.3118587481401153
86,-0.4292514312657453,-0.9564023117675376,0.775664867024066,-1.5935403041152798,-0.39832426455814973,0.8170568511144305,0.56107128516599,1.1341031778569033,0.718939741486281,1.6950961526122772,1.693802414456602,1.353638459843377,-1.6885704919895916
87,-0.4141899775371226,1.6341677295555566,0.7455419595668207,0.9152692599243332,-0.39832426455814973,0.7679480334080754,1.5969539164180286,0.5698821293057983,-0.9179496424293211,-0.5521514554491582,0.21014847152956825,-0.9108647824133115,-0.18824856189231143
88,-0.3991285238085,-0.8057877744813112,0.7304805058381981,-0.013316098194224874,-0.39832426455814973,0.5224039448762997,0.4206126233013068,-1.0793793972282009,0.46128122735141774,0.08991928971125188,0.25960360296046936,0.30226195450991455,-1.37032038560532
89,-0.38406707007987734,0.022592180592933962,0.7154190521095755,1.0130150870947077,-0.39832426455814973,0.7188392157017203,0.3679406251020506,-1.3397891119440954,1.4009769847844487,1.6444063569417184,-0.49870841231334784,0.36696204714582,1.2362995333515707
90,-0.3690056163512547,-0.7154190521095755,0.6099888760092169,1.289961597410769,-0.39832426455814973,0.5878823684847732,-1.019088660811696,-1.60019882665999,0.35518654506059166,1.221991393020396,0.8365801363209825,0.787512649279205,-1.1126893471037669
91,-0.35394416262263206,0.8359106819385566,0.5798659685519717,1.63207199250708,-0.39832426455814973,0.40781670356147104,0.6313006160983315,-1.383190731063411,0.9311291060679332,1.71199275116913,-1.520781128551971,-1.1858401761159094,1.6454782415599198
92,-0.3388827088940094,-0.3690056163512547,0.5346816073661037,-1.3165937937992187,-0.39832426455814973,0.40781670356147104,0.6313006160983315,-1.2963874928247796,0.5522195264578401,-1.6673269602014495,-1.5372661723622714,-0.8138146434594534,-1.4764037544000772
93,-0.3238212551653868,0.775664867024066,0.5196201536374812,1.1759247990453319,-0.39832426455814973,0.538773550778418,0.8068739434291856,0.6566853675444299,-1.1604517733797808,0.05612609259754608,0.3090587343913705,-1.444640546659531,-0.5368082022179421
94,-0.3087598014367641,-1.6040448220983112,0.4894972461802358,1.4691622805564555,-0.39832426455814973,0.45692552126782615,0.22748196323736739,0.6566853675444299,-1.2362336893017993,-0.06215009730042421,0.1771783839089675,-1.6710908708851997,-0.5519629691886218
95,-0.2936983477081415,-1.363061562440349,0.20332962533640564,-0.7301188307769715,-0.39832426455814973,0.11316379732334018,0.5786286178990754,0.6566853675444299,-1.3726411379614327,0.7995764290990736,-1.4548409533107696,0.9492628808689685,-0.15793902795095222
96,-0.27863689397951885,0.6099888760092169,0.188268171607783,0.6709046919983969,-0.39832426455814973,0.16227261502969534,1.6496259146172847,-0.3849534913191485,1.431289751153256,1.5261301670437482,-0.05361222943523774,0.6419374408484179,0.6907279224071052
97,-0.2635754402508962,0.5798659685519717,0.08283799550742452,1.680944906092267,-0.39832426455814973,0.04768537371486667,0.3152686269027944,-0.3849534913191485,-1.0543570910889546,0.7657832319853678,-0.548163543744249,-1.7034409172031524,-0.6732011049540585
98,-0.24851398652227358,-0.1129609029646698,0.022592180592933962,0.8989782887292708,-0.39832426455814973,0.03131576781274829,1.403823256354089,-1.60019882665999,1.1887876202027965,-0.923876623699922,0.29257369058107013,1.2404132977305427,0.9028946599966197
99,-0.23345253279365094,1.7094749981986697,0.00753072686431132,0.5894498360230848,-0.39832426455814973,-0.001423443991488474,-1.0542033262778667,-1.60019882665999,-0.978575175166936,0.022332895483840282,0.2760886467707698,-0.5873643192337845,-0.7186654058660974
100,-0.21839107906502828,-1.7094749981986697,-0.00753072686431132,0.23104846973171148,-0.39832426455814973,-0.017793049893606853,-1.3526779827403186,-1.60019882665999,-1.4938922034366626,-1.4814643760760675,-1.4218708656901689,1.2242382745715663,-0.5671177361593014
101,-0.20332962533640564,-1.3480001087117264,-0.05271508805017924,-0.2576806661201612,-0.39832426455814973,-0.034162655795725236,0.7015299470306732,-1.60019882665999,-1.3271719884082216,-1.582843967417185,-0.5811336313648497,1.5639137609100697,-0.6277368040420197
102,-0.188268171607783,0.06777654177880188,-0.21839107906502828,-1.6098312753103423,-0.39832426455814973,-0.21422832071902742,-0.19389402235668218,-1.60019882665999,0.612845059195455,-1.092842609268451,0.5728194353561765,1.0463130198228265,1.1605256984981729
103,-0.17320671787916037,0.35394416262263206,-0.23345253279365094,-0.2739716373152236,-0.39832426455814973,-0.24696753252326417,-1.5809233082704288,1.0907015587375875,0.5825322928266475,0.7488866334285149,-0.43276823707214634,0.5287122787355835,1.1302161645568136
104,-0.15814526415053773,-1.694413544470047,-0.24851398652227358,1.0455970294848327,-0.39832426455814973,-0.7216861036846972,1.526724585485687,1.0907015587375875,0.8401908069615108,-0.7042208424608343,-0.21846266753824148,0.8845627882330631,0.5391802527003092
105,-0.1430838104219151,0.5497430610947264,-0.2936983477081415,0.1821755561465242,-0.39832426455814973,-0.2797067443275009,-0.2114513550897676,-1.2095842545861482,-1.7060815680183148,-0.7211174410176873,0.8530651801312829,-0.1668137171003995,-0.43072483342318496
106,-0.12802235669329246,1.7245364519272923,-0.3087598014367641,0.8826873175342084,-0.39832426455814973,-0.2960763502296193,0.648857948831417,-1.1227810163475165,-1.1149826238265694,0.6137138449736917,-0.4657383246927471,-0.7329395276645716,-0.9914512113383301
107,-0.1129609029646698,-1.0919553953251415,-0.3238212551653868,0.8501053751440836,-0.39832426455814973,-0.3288155620338561,-0.7732860025485003,0.5698821293057983,-0.9331060256137248,0.6981968377579562,-0.8943494637605568,-0.9270398055722878,-1.597641890165514
108,-0.09789944923604717,1.5889833683696886,-0.3388827088940094,-1.4143396209695933,-0.39832426455814973,-0.3451851679359745,-1.545808642804258,0.0056610807546933475,1.3706642184156412,0.9516458161107496,-1.5702362599828723,0.6742874871663705,0.11484677752128053
109,-0.08283799550742452,0.3991285238085,-0.38406707007987734,-0.35542649329053577,-0.39832426455814973,-0.42703319744656637,-1.19466198814255,-1.2095842545861482,1.219100386571604,1.3064743858046606,-1.5867213037931727,0.7228125566432996,0.02391817569720295
110,-0.06777654177880188,-1.3028157475258584,-0.4292514312657453,-0.06218901177941214,-0.39832426455814973,-0.4434028033486847,-0.1763366896235968,0.22266917635127217,0.885659956514722,0.9854390132244555,1.4135566696814956,-1.2828903150697675,0.5240254857296297
111,-0.05271508805017924,0.21839107906502828,-0.4443128849943679,-1.642413217700467,-0.39832426455814973,-0.4434028033486847,-0.1763366896235968,1.4813161308114293,1.1281620874651817,-0.1128398929709829,1.5948921515947998,-0.49031418027992646,0.2057753793453581
112,-0.0376536343215566,-0.05271508805017924,-0.47443579245161316,1.3877074245811434,-0.39832426455814973,-0.4434028033486847,-0.1763366896235968,1.4813161308114293,-0.2965379318687684,-0.923876623699922,-1.6196913914137734,-0.7005894813466189,1.26660906729293
113,-0.022592180592933962,-0.06777654177880188,-0.5346816073661037,-0.22509872373003637,-0.39832426455814973,-0.6562076800762237,0.8595459416284418,-0.9057729207509377,-0.09950495047152004,0.8671628233264852,-1.4383559095004692,-0.06976357814654141,1.0089780287913768
114,-0.00753072686431132,-0.3238212551653868,-0.5497430610947264,-0.12735289655966184,-0.39832426455814973,-0.6562076800762237,0.8595459416284418,-0.3849534913191485,1.1433184706495854,1.205094794463543,-1.4053858218798685,0.9169128345510158,0.13000154449196014
115,0.00753072686431132,-0.7907263207526887,-0.564804514823349,0.6546137208033345,-0.39832426455814973,-0.7380557095868155,-0.9137446644131836,1.4813161308114293,-0.08434856728711632,1.2726811886909548,-0.4492532808824467,0.43166213978172535,0.9786684948500176
116,0.022592180592933962,-1.7245364519272923,-0.7154190521095755,1.3062525686058313,-0.39832426455814973,-0.754425315488934,-1.071760659010952,-1.5567972075406742,0.47643761053582145,-0.5690480540060111,-1.6856315666549748,-0.11828864762347045,0.4179421169348725
117,0.0376536343215566,-0.45937433872299055,-0.7304805058381981,1.713526848482392,-0.39832426455814973,-0.754425315488934,-1.071760659010952,-0.4717567295577801,0.7340961246706847,-0.2311160828689532,1.7102874582669023,-0.4417891108029974,0.2967039811694357
118,0.05271508805017924,0.15814526415053773,-0.775664867024066,0.29621235451196115,-0.39832426455814973,-0.8690125568037627,-0.667942006149988,0.09246431899332488,0.08237164774132465,1.06992200600872,-0.5316784999339486,0.4478371629407017,0.8725851260552604
119,0.06777654177880188,1.4233073773548395,-0.7907263207526887,0.6383227496082721,-0.39832426455814973,-0.7707949213910523,0.2450392959704528,-0.5151583486770959,-1.3423283715926253,-0.011460301629865513,1.6113771954051002,1.0139629735048739,-1.627951424106873
120,0.08283799550742452,1.5437990071838206,-0.8810950431244244,0.24733944092677387,-0.39832426455814973,-1.2455134925524853,0.9473326052938688,0.22266917635127217,-0.1298177168403275,1.4247505757026309,0.11123820866776601,1.1271881356177083,0.5997993205830277
121,0.09789944923604717,0.4292514312657453,-0.8961564968530471,0.6057408072181472,-0.39832426455814973,-0.8526429509016442,0.15725263230502579,0.22266917635127217,1.3100386856780262,-1.3293949890643915,-1.7021166104652752,0.7066375334843232,-0.5974272701006605
122,0.1129609029646698,-0.5346816073661037,-0.9112179505816698,-1.479503505749843,-0.39832426455814973,-0.8362733449995259,-0.0183206950258282,-0.3849534913191485,0.8250344237771071,0.8840594218833381,-0.4822233685030475,1.483038645115188,-0.006391358244156245
123,0.12802235669329246,-0.17320671787916037,-0.9564023117675376,0.21475749853664905,-0.39832426455814973,1.7337547816330598,0.4557272887674776,-0.3849534913191485,0.8553471901459145,-1.5997405659740378,-1.6361764352240737,0.415487116622749,-0.5216534352472626
124,0.1430838104219151,-1.2124470251541226,-1.0618324878678962,0.16588458495146177,-0.39832426455814973,-1.0654478276291832,1.0526766016923812,-0.3849534913191485,1.5070716670752746,-0.6197378496765699,0.12772325247806637,-0.6520644118696899,-0.9308321434556117
125,0.15814526415053773,0.8208492282099339,-1.0768939415965189,-1.4632125345547804,-0.39832426455814973,-1.0818174335313016,1.351151258154833,-0.3849534913191485,1.5828535829972932,-0.8900834265862162,0.8695502239415832,0.7713376261202286,-1.067225046191728
126,0.17320671787916037,-1.1973855714255,-1.1070168490537642,-1.3817576785794683,-0.39832426455814973,-1.147295857139775,-1.5106939773380872,-0.9491745398702535,0.40065569461380285,1.3233709843615133,-1.47132599712107,1.1433631587766846,-0.279177163716389
127,0.188268171607783,0.188268171607783,-1.1371397565110093,1.5017442229465805,-0.39832426455814973,-1.1636654630418934,0.9648899380269542,0.6566853675444299,-0.4177889973439982,-1.0590494121547451,-0.5646485875545494,0.6257624176894415,0.5088707187589501
128,0.20332962533640564,-1.6642906370128019,-1.242569932611368,-1.3980486497745308,-0.39832426455814973,-1.229143886650367,0.7893166106961002,0.6566853675444299,-0.7512294274008802,1.0023356117813083,-1.5537512161725717,0.7551626029612523,0.14515631146263974
129,0.21839107906502828,-1.4835531922693301,-1.2576313863399904,0.9804331447045829,-0.39832426455814973,-1.2127742807482487,-0.5625980097514756,0.6566853675444299,0.12784079729453582,-1.0083596164841864,1.4630118011123967,-0.377089018167092,-0.2185580958336706
130,0.23345253279365094,-0.6250503297378396,1.6341677295555566,0.7360685767786466,-0.39832426455814973,-1.1964046748461301,1.5442819182187724,0.22266917635127217,-0.17528686639353866,-1.4476711789623617,1.2487062315784918,-0.5064892034389028,-0.021546125214835843
131,0.24851398652227358,-0.9112179505816698,1.6040448220983112,-1.4957944769449054,-0.39832426455814973,1.4554714812970473,1.1229059326247228,0.22266917635127217,1.6737918821037157,-0.7211174410176873,1.6278622392154005,1.531563714592117,1.675787775501279
132,0.2635754402508962,-1.1220783027823866,1.5889833683696886,-0.1599348389497867,-0.39832426455814973,1.6027979344161127,1.1931352635570645,0.22266917635127217,0.9159727228835295,-1.565947368860332,-1.603206347603473,1.2889383672074717,-0.8550583086022138
133,0.27863689397951885,1.0015866729534055,1.4986146459979528,-1.365466707384406,-0.39832426455814973,1.4882106931012842,-1.2473339863418063,0.22266917635127217,0.8098780405927034,-0.8562902294725104,-1.652661479034374,1.20806325141259,-0.8702130755728933
134,0.2936983477081415,0.12802235669329246,1.4835531922693301,-0.29026260851028607,-0.39832426455814973,1.4718410871991656,0.38549795783513596,1.2209064160955347,0.41581207779820656,-0.7718072366882459,1.1497959687166897,0.1728617692381038,-0.506498668276583
135,0.3087598014367641,-0.188268171607783,1.4684917385407075,1.5180351941416428,-0.39832426455814973,1.5045802990034025,0.3328259596358798,1.2209064160955347,-0.1449741000247312,0.46164445796201564,-1.4878110409313703,0.9816129271869212,-0.2943319306870686
136,0.3238212551653868,1.2576313863399904,1.4233073773548395,-1.5446673905300925,-0.39832426455814973,1.5045802990034025,0.3328259596358798,1.2209064160955347,-1.3120156052238179,-0.3324956742100706,-0.20197762372794112,0.6904625103253469,0.9483589609086585
137,0.3388827088940094,-0.6099888760092169,1.317877201254481,1.1270518854601448,-0.39832426455814973,1.5045802990034025,0.3328259596358798,1.351111273453482,-0.3723198477907871,-0.36628887132377635,-0.20197762372794112,0.6904625103253469,-0.2488676297750298
138,0.35394416262263206,0.4894972461802358,1.3028157475258584,0.328794296902086,-0.39832426455814973,1.2754058163737452,-0.9664166626124397,1.6115209881693766,-0.432945380528402,-1.6335337630877438,1.7597425896978034,0.31843697766889095,-0.17309379492163182
139,0.3690056163512547,-0.7304805058381981,1.2877542937972357,-1.5120854481399677,-0.39832426455814973,1.2590362104716268,-1.0893179917440377,-1.2095842545861482,1.264569536124815,-1.5152575731897735,-1.7186016542755755,1.628613853545975,-1.7037252589602712
140,0.38406707007987734,-0.3991285238085,1.242569932611368,-1.5772493329202175,-0.39832426455814973,1.1608185750589164,1.3687085908879184,-1.2095842545861482,1.5525408166284858,-1.2280153977232742,1.2981613630093929,1.5962638072280224,1.372692436087687
141,0.3991285238085,-1.4383688310834621,1.1070168490537642,1.1922157702403944,-0.39832426455814973,1.144448969156798,0.9122179398276979,1.0907015587375875,-1.0240443247201472,-1.1942222006095684,1.0838557934754882,-1.4122905003415782,0.4482516508762317
142,0.4141899775371226,-0.6702346909237075,1.0919553953251415,1.6157810213120174,-0.39832426455814973,1.1117097573525614,-1.5984806410035142,1.0907015587375875,1.4464461343376598,1.6950961526122772,1.2816763191990925,1.4668636219562117,1.6606330085305996
143,0.4292514312657453,0.1129609029646698,1.0618324878678962,-1.5283764193350302,-0.39832426455814973,1.0626009396462062,-0.492368678819134,1.0907015587375875,-0.8270113433228987,0.9516458161107496,0.9354903991827848,-0.6844144581876426,-0.203403328862991
144,0.4443128849943679,1.242569932611368,1.0166481266820282,0.7034866343885218,-0.39832426455814973,0.8006872452123122,-1.6160379737365995,1.0907015587375875,-1.690925184833911,-0.8900834265862162,1.0673707496651876,-0.8946897592543351,0.5543350196709889
145,0.45937433872299055,0.23345253279365094,0.9714637654961603,1.7298178196774543,-0.39832426455814973,1.0134921219398512,-0.42213934788679236,1.0907015587375875,-1.418110287514644,0.0054362969269873855,1.743257545887503,-0.5550142729158318,0.3876325829935133
146,0.47443579245161316,-1.2275084788827453,0.9564023117675376,0.7360685767786466,-0.39832426455814973,1.0298617278419695,1.1580205980908935,0.0056610807546933475,-1.5545177361742775,1.374060780032072,0.6552446544076783,1.4183385524792826,0.9332041939379788
147,0.4894972461802358,-1.3931844698975944,0.941340858038915,-0.14364386775472426,-0.39832426455814973,0.9971225160377327,-0.9839739953455252,0.0056610807546933475,1.4616025175220635,0.15750568393866346,-0.5151934561236482,-0.2962139023722103,1.3575376691170076
148,0.5045586999088585,1.3028157475258584,0.7606034132954433,0.19846652734158662,-0.39832426455814973,0.7843176393101937,0.7542019452299293,0.0056610807546933475,-0.7360730442164765,-0.6873242439039814,-0.9932597266223591,1.3212884135254244,-0.7338201728367769
149,0.5196201536374812,-1.2576313863399904,0.7003575983809528,0.5079949800477727,-0.39832426455814973,0.6206215802890099,0.6664152815645024,0.0056610807546933475,-0.11466133365592376,0.22509207816607504,0.40796899725317276,-0.1021136244644941,-1.1429988810451261
150,0.5346816073661037,-0.5949274222805943,0.5949274222805943,0.27992138331689875,-0.39832426455814973,0.6042519743868916,1.7725272437488826,0.0056610807546933475,-0.7057602778476689,-0.7887038352450988,-1.5042960847416706,1.256588320889519,-0.6428915710126993
151,0.5497430610947264,1.0317095804106509,0.564804514823349,-0.6160820324115345,-0.39832426455814973,0.5715127625826548,0.648857948831417,0.0056610807546933475,0.6886269751174736,-1.1435324049390097,-1.5042960847416706,1.256588320889519,1.7060973094426384
152,0.564804514823349,-1.6793520907414243,0.5497430610947264,-0.7789917443621588,-0.39832426455814973,0.5551431566805365,0.8946606070946126,-0.862371301631622,1.1736312370183928,-0.5183582583354525,-0.07009727324553812,0.04346158396629302,1.342382902146328
153,0.5798659685519717,-0.9714637654961603,0.5045586999088585,0.06813875778108724,-0.39832426455814973,0.5060343389741813,-1.1244326572102084,0.22266917635127217,-0.3268506982375759,-1.1266358063821567,0.7871250048900814,-0.021238508669612362,-0.9611416773969709
154,0.5949274222805943,0.6852961446523301,0.47443579245161316,1.143342856655207,-0.39832426455814973,0.44055591536570776,0.0167939704403426,1.351111273453482,0.446124844167014,1.3571641814752191,-0.08658231705583849,-0.13446367078244678,1.5393948727651627
155,0.6099888760092169,-1.5889833683696886,0.4443128849943679,-0.04589804058434972,-0.39832426455814973,0.42418630946358943,-0.4572540133529632,-0.3849534913191485,0.34003016187618795,-0.43387526555118794,-0.7789541570884542,-1.2667152919107911,-1.3551656186346404
156,0.6250503297378396,0.24851398652227358,0.4292514312657453,-1.6587041888955296,-0.39832426455814973,0.14590300912757695,0.9648899380269542,-0.3849534913191485,-0.0085666513650977,1.5430267656006011,0.4903942163046746,-0.08593860130551775,-1.673415725018912
157,0.6401117834664622,0.2635754402508962,0.4141899775371226,-0.51833620524116,-0.39832426455814973,0.14590300912757695,0.9648899380269542,-0.3849534913191485,-1.2968592220394142,1.2895777872478076,-0.7954392008987546,1.111013112458732,-0.23371286280435022
158,0.6551732371950849,1.3480001087117264,0.17320671787916037,1.5506171365317678,-0.39832426455814973,0.14590300912757695,0.9648899380269542,1.351111273453482,1.2797259193092188,-0.8056004338019517,-0.7954392008987546,1.111013112458732,1.1453709315274931
159,0.6702346909237075,1.3931844698975944,0.15814526415053773,0.08442972897614966,-0.39832426455814973,0.12953340322545856,-0.6152700079507318,1.351111273453482,0.43096846098261027,0.5292308521894272,1.5289519763535981,1.7094889693408568,1.4333115039704056
160,0.6852961446523301,-0.23345253279365094,0.1430838104219151,-1.1211021394584697,-0.39832426455814973,0.12953340322545856,-0.6152700079507318,1.351111273453482,0.5673759096422438,-1.3800847847349502,-0.9602896390017583,-1.2020151992748858,1.493930571853124
161,0.7003575983809528,-0.4292514312657453,0.12802235669329246,0.8012324615588963,-0.39832426455814973,0.09679419142122181,-0.0358780277589136,1.4813161308114293,-0.811854960138495,0.4785410565188685,1.2651912753887922,0.8683877650740868,-1.0520702792210486
162,0.7154190521095755,-1.5287375534551981,0.1129609029646698,1.5343261653367053,-0.39832426455814973,0.08042458551910342,0.0870233013726842,-0.3849534913191485,1.6283227325505045,-0.48456506122174664,-0.11955240467643924,1.159538181935661,0.43309688390555207
163,0.7304805058381981,-0.7003575983809528,0.05271508805017924,0.03555681539096239,-0.39832426455814973,0.08042458551910342,0.0870233013726842,0.9170950822603244,1.385820601600045,1.06992200600872,1.479496844922697,-0.7976396203004771,0.6149540875537073
164,0.7455419595668207,-0.00753072686431132,0.0376536343215566,1.3388345109959563,-0.39832426455814973,-0.3124459561317377,1.1053485998916375,0.9170950822603244,-1.205920922932992,0.4954376550757214,0.7046997858385795,-0.5388392497568555,-0.658046337983379
165,0.7606034132954433,-0.38406707007987734,-0.022592180592933962,1.56690810772683,-0.39832426455814973,-0.08327147350208038,-1.370235315473404,0.9170950822603244,-0.7663858105852839,1.390957378588925,-1.0756849456738609,-0.9593898518902405,-1.2642370168105628
166,0.775664867024066,0.17320671787916037,-0.06777654177880188,1.371416453386081,-0.39832426455814973,-0.06690186759996199,-0.31679535148828,0.9170950822603244,-1.6606124184651037,0.563024049303133,1.430041713491796,0.35078702398684364,-0.47618913433522375
167,0.7907263207526887,-1.152201210239632,-0.08283799550742452,0.3450852680971484,-0.39832426455814973,1.357253845884337,-0.6328273406838172,-1.60019882665999,0.6431578255642624,0.9347492175538967,-0.2679177989691426,0.05963660712526937,1.2059899994102117
168,0.8057877744813112,0.8961564968530471,-0.188268171607783,0.5731588648280224,-0.39832426455814973,-0.23059792662114578,0.6839726142975878,-1.60019882665999,-1.145295390195377,-0.41697866699433506,-0.30088788658974336,-1.6063907782492943,-0.7944392407194953
169,0.8208492282099339,-1.4233073773548395,-0.2635754402508962,-0.632373003606597,-0.39832426455814973,-0.26333713842538253,-0.9313019971462689,0.9170950822603244,-0.8421677265073025,-0.8056004338019517,1.1333109249063893,0.8522127419151104,-1.1278441140744464
170,0.8359106819385566,1.1371397565110093,-0.27863689397951885,-1.560958361725155,-0.39832426455814973,-1.1145566453355382,-1.159547322676379,0.9170950822603244,-1.630299652096296,1.5092335684868952,0.638759610597378,-0.21533878657732852,-0.9762964443676505
171,0.8509721356671792,-1.0467710341392735,-0.35394416262263206,0.5242859512428351,-0.39832426455814973,-0.3779243797402112,0.3503832923689652,0.9170950822603244,0.3854993114293991,1.3064743858046606,0.4244540410634731,0.9977879503458975,0.7816565242311828
172,0.8660335893958019,1.3781230161689717,-0.4141899775371226,-0.9581924275078454,-0.39832426455814973,-0.410663591544448,-1.0893179917440377,0.9170950822603244,-1.0998262406421657,-0.923876623699922,0.07826812104716525,-0.2800388792132339,-1.6431061910775528
173,0.8810950431244244,-1.272692840068613,-0.4894972461802358,0.5405769224378975,-0.39832426455814973,-0.4761420151529215,-1.2648913190748916,0.9170950822603244,1.6889482652881194,-0.602841251119717,-0.10306736086613887,-0.9755648750492169,-0.4155700664525054
174,0.8961564968530471,1.1220783027823866,-0.5045586999088585,-0.7952827155572212,-0.39832426455814973,-0.9344909804122361,0.4908419542336484,-1.60019882665999,-0.23591239913115356,0.03922949404069318,0.8036100487003818,1.2727633440484953,1.3272281351756483
175,0.9112179505816698,0.9564023117675376,-0.5949274222805943,-1.0885201970683447,-0.39832426455814973,-0.49251162105503987,-1.1419899899432937,0.6566853675444299,1.2494131529404113,0.3771614651777511,-0.9273195513811576,0.6095873945304652,0.09969201055060094
176,0.9262794043102924,-0.5196201536374812,-0.6099888760092169,-1.251429909018969,-0.39832426455814973,-0.9181213745101178,-0.2641233532890238,0.6566853675444299,1.158474853833989,0.29267847239348666,0.9684604868033855,-0.7814645971415007,0.06938247660924174
177,0.941340858038915,0.0376536343215566,-0.7455419595668207,1.5831990789218926,-0.39832426455814973,-0.6889468918804604,-0.580155342484561,-0.3849534913191485,0.9008163396991257,-0.38318546988062924,-1.3229606028283665,-0.36091399500811566,0.22093014631603772
178,0.9564023117675376,-0.47443579245161316,-0.7606034132954433,-0.029607069389287297,-0.39832426455814973,-0.7053164977825788,0.6137432833652462,0.6566853675444299,-0.9482624087981285,-0.46766846266489376,-0.7624691132781538,-1.3152403613877202,-1.2036179489278445
179,0.9714637654961603,0.5196201536374812,-0.8057877744813112,-0.06218901177941214,-0.39832426455814973,0.22775103863816884,-1.0366459935447814,0.6566853675444299,-0.7966985769540913,0.5292308521894272,-0.7624691132781538,-1.3152403613877202,1.0241327957620565
180,0.986525219224783,-1.4082459236262168,-0.8208492282099339,-0.827864657947346,-0.39832426455814973,-0.7871645272931707,0.122137966838855,0.6566853675444299,-0.2055996327623461,-0.29870247709636477,-1.735086698085876,-0.7491145508235479,1.0999066306154544
181,1.0015866729534055,1.1672626639682546,-0.8359106819385566,-0.9581924275078454,-0.39832426455814973,-0.8035341331952891,0.0519086359065134,-1.60019882665999,-1.6454560352807,-0.8393936309156574,0.6882147420282791,0.3346120008278673,-1.294546550751922
182,1.0166481266820282,1.3329386549831037,-0.8509721356671792,-1.0396472834831576,-0.39832426455814973,-0.8199037390974074,0.1923672977711966,-1.60019882665999,-1.5999868857274886,-0.8056004338019517,0.6882147420282791,0.3346120008278673,1.6151687076185608
183,1.0317095804106509,-0.775664867024066,-0.8660335893958019,-0.5346271764362224,-0.39832426455814973,-0.9017517686079993,-1.0542033262778667,0.9170950822603244,-1.52420496980547,-0.8224970323588046,0.5233643039252753,-0.19916376341835218,-1.5824871231948343
184,1.0467710341392735,1.4082459236262168,-0.941340858038915,-1.0722292258732824,-0.39832426455814973,-0.9835997981185912,0.6664152815645024,0.9170950822603244,-1.1907645397485882,-0.8562902294725104,0.9849455306136858,0.6581124640073942,-1.3400108516639608
185,1.0618324878678962,0.941340858038915,-0.9714637654961603,0.10072070017121208,-0.39832426455814973,-1.4746879751821427,-1.0015313280786107,0.6566853675444299,1.4767589007064672,-0.754910638131393,-0.6965289380369524,1.7256639924998332,-0.4913439013059034
186,1.0768939415965189,-0.8509721356671792,-0.986525219224783,1.3551254821910186,-0.39832426455814973,-0.9672301922164729,-0.6503846734169025,0.6566853675444299,-0.6451347451100541,-1.718016755872008,-0.2514327551588422,0.02728656080731668,1.3120733682049688
187,1.0919553953251415,-0.8660335893958019,-1.0015866729534055,-0.5020452340460976,-0.39832426455814973,-0.9999694040207097,1.3160365926886621,0.6566853675444299,-1.2210773061173956,-0.585944652562864,0.3585138658222716,0.2052118155560565,-1.7188800259309507
188,1.1070168490537642,0.20332962533640564,-1.0166481266820282,-0.5997910612164721,-0.39832426455814973,-1.016339009922828,1.7374125782827117,-0.08114215748393819,-0.4481017637128057,0.20819547960922216,0.3585138658222716,0.2052118155560565,1.0544423297034156
189,1.1220783027823866,-1.242569932611368,-1.0317095804106509,-1.1699750530436568,-0.39832426455814973,-1.0327086158249463,-0.3870246824206216,-0.3849534913191485,-0.7209166610320727,0.07302269115439898,1.5784071077844994,-0.7652895739825243,0.6301088545243868
190,1.1371397565110093,0.3238212551653868,-1.0467710341392735,1.0944699430700198,-0.39832426455814973,-1.0490782217270649,1.0175619362262103,0.6566853675444299,0.18846633003215071,-1.2956017919506857,1.4959818887329974,-1.0564399908440987,0.2815492141987561
191,1.152201210239632,-0.5798659685519717,-1.1220783027823866,0.4917040088527102,-0.39832426455814973,-1.1309262512376568,-1.2473339863418063,0.6566853675444299,0.49159399372022516,-0.7380140395745401,-0.943804595191458,1.0624880429818029,-0.6125820370713402
192,1.1672626639682546,0.9112179505816698,-1.152201210239632,1.0944699430700198,-0.39832426455814973,-1.5401663987906162,-1.282448651807977,1.351111273453482,-0.06919218410271259,-1.278705193393833,-1.1910802523459636,-0.328563948690163,0.2512396802573969
193,1.1823241176968773,-0.4894972461802358,-1.1672626639682546,-0.14364386775472426,-0.39832426455814973,-0.5252508328592767,1.66718324735037,0.6566853675444299,-0.6754475114788615,0.6306104435305446,-0.8613793761399561,-0.31238892553118663,0.9180494269672992
194,1.1973855714255,1.694413544470047,-1.1823241176968773,-0.38800843568066057,-0.39832426455814973,1.570058722611876,0.9824472707600396,0.0056610807546933475,0.27940462913857306,1.3233709843615133,0.3914839534428724,-1.0079149213671696,-0.03670089218551544
195,1.2124470251541226,1.6040448220983112,-1.1973855714255,-0.941901456312783,-0.39832426455814973,-1.1800350689440118,-0.6503846734169025,0.0056610807546933475,0.20362271321655442,0.8502662247696323,-0.15252249229703999,1.4992136682741644,0.008763408726523352
196,1.2275084788827453,-1.1672626639682546,-1.2275084788827453,0.44283109526752296,-0.39832426455814973,-1.2946223102588406,1.2282499290232352,0.0056610807546933475,0.5067503769046289,-1.3969813832918032,0.32554377820167085,-1.6225658014082707,-0.3094866976577482
197,1.242569932611368,1.0768939415965189,-1.272692840068613,1.5994900501169549,-0.39832426455814973,-1.2618830984546037,-0.29923801875519457,-1.383190731063411,-0.4935709132660169,-0.9576698208136277,1.16628101252699,-1.3961154771826019,0.4937159517882705
198,1.2576313863399904,-0.7606034132954433,-1.3028157475258584,-1.2677208802140314,-0.39832426455814973,-1.3273615220630772,-0.29923801875519457,-1.383190731063411,-0.7815421937696876,0.19129888105236925,-0.23494771134854187,1.0301379966638502,-0.09731996006823383
199,1.272692840068613,0.5346816073661037,1.573921914641066,0.3125033257070236,-0.39832426455814973,1.3736234517864554,1.2633645944894059,-1.60019882665999,0.23393547958536187,-0.8393936309156574,-0.004157098004336614,1.6771389230229041,-0.3246414646284278
200,1.2877542937972357,0.2936983477081415,1.5588604609124432,0.10072070017121208,-0.39832426455814973,-0.9508605863143546,1.702297912816541,-1.60019882665999,1.5222280502596783,0.12371248682495767,-0.3173729304000437,-0.6197143655517372,-1.188463181957165
201,1.3028157475258584,-1.6341677295555566,1.5287375534551981,-0.8441556291424084,-0.39832426455814973,1.3899930576885737,-0.3519100169544508,-1.60019882665999,1.5980099661816969,-1.3462915876212445,-0.7294990256575531,-0.6035393423927609,1.721252076413318
202,1.317877201254481,-0.4141899775371226,1.3931844698975944,-0.5672091188263473,-0.39832426455814973,1.3081450281779818,-0.053435360491999,1.0907015587375875,0.3703429282449954,1.559923364157454,-1.0097447704326594,1.3859885061613297,-0.7035106388954178
203,1.3329386549831037,-1.0618324878678962,1.3781230161689717,-0.6486639748016594,-0.39832426455814973,1.3245146340801004,0.473284621500563,1.0907015587375875,1.5676971998128895,-0.6366344482334227,-1.0097447704326594,1.3859885061613297,1.6303234745892403
204,1.3480001087117264,0.00753072686431132,1.2275084788827453,0.14959361375639935,-0.39832426455814973,1.2426666045695085,-0.1236646914243406,-0.3849534913191485,-1.6757688016495074,1.0023356117813083,-1.0591999018635605,-0.15063869394142315,0.6755731554364256
205,1.363061562440349,1.0467710341392735,1.2124470251541226,-1.023356312288095,-0.39832426455814973,1.2426666045695085,-0.1236646914243406,-0.3849534913191485,1.6434791157349082,-0.7211174410176873,0.012327945805963761,0.23756186187400918,1.4030019700290464
206,1.3781230161689717,-1.1371397565110093,1.1973855714255,-0.4205903780707854,-0.39832426455814973,0.37507749175723426,-0.7908433352815858,-0.3849534913191485,0.5370631432734363,-0.8731868280293633,-0.6141037189854505,-0.9917398982081932,-0.9005226095142526
207,1.3931844698975944,-1.317877201254481,1.1672626639682546,1.1107609142650823,-0.39832426455814973,0.37507749175723426,-0.7908433352815858,-0.3849534913191485,-0.5238836796348243,-0.4507718641080409,-1.3064755590180661,0.10816167660219841,-0.05185565915619504
208,1.4082459236262168,1.2275084788827453,1.152201210239632,-1.137393110653532,-0.39832426455814973,0.9643833042334959,0.0694659686395988,-0.3849534913191485,1.2948823024936225,-1.7011201573151553,-1.339445646638667,1.6933139461818805,-1.2339274828692037
209,1.4233073773548395,0.8810950431244244,0.9112179505816698,0.8175234327539587,-0.39832426455814973,0.9480136983313776,-1.0893179917440377,-0.3849534913191485,-1.4029539043302404,1.5937165612711597,-1.1251400771047622,-0.47413915712095006,0.8574303590845809
210,1.4383688310834621,-1.0317095804106509,0.8660335893958019,-1.674995160090592,-0.39832426455814973,0.9316440924292592,0.209924630504282,-0.3849534913191485,0.17330994684774698,1.0868186045655728,-0.6470738066060512,-1.638740824567247,-0.8853678425435729
211,1.4534302848120848,1.4684917385407075,0.8509721356671792,0.44283109526752296,-0.39832426455814973,0.8989048806250224,-0.5450406770183902,0.6566853675444299,-1.084669857457762,1.6275097583848654,1.034400662044587,-0.8623397129363825,0.26639444722807654
212,1.4684917385407075,0.9714637654961603,0.8057877744813112,1.4039983957762059,-0.39832426455814973,0.8497960629186673,-0.6854993388830734,0.6566853675444299,-0.3571634646063833,0.5461274507462801,0.09475316485746563,-0.8785147360953588,-0.4004152994818258
213,1.4835531922693301,0.6401117834664622,0.6702346909237075,0.9967241158996454,-0.39832426455814973,0.6861000038974835,-1.3175633172741477,-1.60019882665999,-0.16013048320913495,0.5123342536325743,1.215736143957891,0.1405117229201511,-0.8247487746608545
214,1.4986146459979528,1.2124470251541226,0.6551732371950849,0.9967241158996454,-0.39832426455814973,0.6861000038974835,-1.3175633172741477,-1.60019882665999,0.9614418724367406,1.1713015973498373,1.4959818887329974,1.3698134830023534,1.600013940647881
215,1.5136760997265755,0.4443128849943679,0.3087598014367641,-1.674995160090592,-0.39832426455814973,0.276859856344524,0.473284621500563,-1.60019882665999,0.5219067600890326,1.6613029554985714,-0.3503430180206445,-1.121140083480004,-1.4006299195466791
216,1.5287375534551981,-1.6492291832841792,-0.1129609029646698,-1.0722292258732824,-0.39832426455814973,-0.1487498971105539,0.473284621500563,0.6566853675444299,-0.4632581468972094,1.4923369699300424,0.9190053553724844,0.09198665344322207,-1.0066059783090098
217,1.5437990071838206,-0.09789944923604717,-0.12802235669329246,-0.9907743698979702,-0.39832426455814973,-0.541620438761395,1.1755779308239789,0.22266917635127217,-0.3420070814219796,-0.9069800251430691,0.9190053553724844,0.09198665344322207,-1.0975345801330874
218,1.5588604609124432,0.9262794043102924,-0.15814526415053773,-1.674995160090592,-0.39832426455814973,-0.5743596505656318,1.2984792599555768,-1.60019882665999,1.0523801715431629,-0.6704276453471285,-0.16900753610734037,0.5610623250535361,0.7665017572605033
219,1.573921914641066,-0.6852961446523301,-1.3480001087117264,-1.674995160090592,-0.39832426455814973,-1.3601007338673141,-1.6335953064696849,-1.60019882665999,0.9765982556211443,-0.6704276453471285,1.561922063974199,-0.42561408764402103,-0.11247472703891342
220,1.5889833683696886,0.3690056163512547,-1.4835531922693301,1.4202893669712684,-0.39832426455814973,-1.572905610594853,0.034351303173428,-1.60019882665999,-0.2813815486843647,-1.244911996280127,-0.811924244709055,0.12433669976117476,0.4027873499641929
221,1.6040448220983112,0.8660335893958019,-1.5136760997265755,1.4202893669712684,-0.39832426455814973,-0.6398380741741053,-1.4053499809395749,-1.60019882665999,-0.599665595556843,-1.244911996280127,-0.811924244709055,0.12433669976117476,0.963513727879338
222,1.619106275826934,0.09789944923604717,1.3480001087117264,0.9967241158996454,-0.39832426455814973,1.2917754222758635,-1.6335953064696849,-1.60019882665999,-1.7212379512027185,1.6106131598280127,1.3970716258711953,-0.9432148287312642,1.190835232439532
223,1.6341677295555566,1.6642906370128019,1.3329386549831037,1.2247977126305192,-0.39832426455814973,0.47329512716994454,-0.0885500259581698,-1.60019882665999,1.3555078352312375,1.2388879915772488,-0.36682806183094485,-1.1534901297979567,-1.3854751525759996
224,1.6492291832841792,-0.8810950431244244,1.2576313863399904,-0.9907743698979702,-0.39832426455814973,1.1935577868631533,-1.6335953064696849,-1.60019882665999,1.3555078352312375,1.2388879915772488,-0.36682806183094485,-1.1534901297979567,-1.3854751525759996
225,1.6642906370128019,0.564804514823349,1.4082459236262168,-0.9907743698979702,-0.39832426455814973,1.4063626635906923,-1.6335953064696849,-1.60019882665999,0.7795652742238959,1.2388879915772488,-0.36682806183094485,-1.1534901297979567,-1.5673323562241548
226,1.6793520907414243,1.619106275826934,-0.20332962533640564,-0.9907743698979702,-0.39832426455814973,-0.19785871481690903,-1.6335953064696849,-1.60019882665999,0.14299718047893953,1.2388879915772488,-0.36682806183094485,-1.1534901297979567,1.3878472030583668
227,1.694413544470047,1.4835531922693301,-0.6250503297378396,-0.9907743698979702,-0.39832426455814973,-0.19785871481690903,-0.755728669815415,-1.60019882665999,-1.6151432689118923,1.2388879915772488,-0.36682806183094485,-1.1534901297979567,-1.1581536480158057
228,1.7094749981986697,1.6793520907414243,-1.317877201254481,-1.674995160090592,-0.39832426455814973,1.5536891167097575,-1.6335953064696849,-1.60019882665999,-1.1301390070109731,-0.5352548568923053,-0.36682806183094485,-1.1534901297979567,1.115061397586134
229,1.7245364519272923,0.08283799550742452,1.5136760997265755,-0.404299406875723,-0.39832426455814973,1.2099273927652716,-1.6335953064696849,-1.60019882665999,-1.1301390070109731,-0.5352548568923053,-0.36682806183094485,-1.1534901297979567,1.115061397586134
